{"ETH":{"0":0.0002881406,"1":0.0002884193,"2":0.0002887079,"3":0.0002889967,"4":0.0002892859,"5":0.0002895753,"6":0.000289865,"7":0.000290155,"8":0.0002904453,"9":0.0002907358,"10":0.0002910267,"11":0.0002913179,"12":0.0002916093,"13":0.000291901,"14":0.0002921931,"15":0.0002924854,"16":0.000292778,"17":0.0002930709,"18":0.0002933641,"19":0.0002936576,"20":0.0002939514,"21":0.0002942455,"22":0.0002945399,"23":0.0002948346,"24":0.0002951295,"25":0.0002954248,"26":0.0002957203,"27":0.0002960162,"28":0.0002963123,"29":0.0002966088,"30":0.0002969055,"31":0.0002972026,"32":0.0002974999,"33":0.0002977975,"34":0.0002980955,"35":0.0002983937,"36":0.0002986922,"37":0.0002989911,"38":0.0002992902,"39":0.0002995896,"40":0.0002998893,"41":0.0003001894,"42":0.0003004897,"43":0.0003007903,"44":0.0003010912,"45":0.0003013925,"46":0.000301694,"47":0.0003019958,"48":0.0003022979,"49":0.0003026004,"50":0.0003029031,"51":0.0002884193,"52":0.0002887079,"53":0.0002889967,"54":0.0002892859,"55":0.0002895753,"56":0.000289865,"57":0.000290155,"58":0.0002904453,"59":0.0002907358,"60":0.0002910267,"61":0.0002913179,"62":0.0002916093,"63":0.000291901,"64":0.0002921931,"65":0.0002924854,"66":0.000292778,"67":0.0002930709,"68":0.0002933641,"69":0.0002936576,"70":0.0002939514,"71":0.0002942455,"72":0.0002945399,"73":0.0002948346,"74":0.0002951295,"75":0.0002954248,"76":0.0002957203,"77":0.0002960162,"78":0.0002963123,"79":0.0002966088,"80":0.0002969055,"81":0.0002972026,"82":0.0002974999,"83":0.0002977975,"84":0.0002980955,"85":0.0002983937,"86":0.0002986922,"87":0.0002989911,"88":0.0002992902,"89":0.0002995896,"90":0.0002998893,"91":0.0003001894,"92":0.0003004897,"93":0.0003007903,"94":0.0003010912,"95":0.0003013925,"96":0.000301694,"97":0.0003019958,"98":0.0003022979,"99":0.0003026004,"100":0.0003029031},"USDC":{"0":3470.5284464123,"1":3467.1738754993,"2":3463.7086078069,"3":3460.246803477,"4":3456.7884590483,"5":3453.3335710627,"6":3449.8821360656,"7":3446.4341506059,"8":3442.9896112362,"9":3439.548514512,"10":3436.1108569927,"11":3432.676635241,"12":3429.245845823,"13":3425.8184853082,"14":3422.3945502696,"15":3418.9740372836,"16":3415.5569429301,"17":3412.1432637924,"18":3408.7329964569,"19":3405.3261375139,"20":3401.9226835569,"21":3398.5226311826,"22":3395.1259769914,"23":3391.7327175871,"24":3388.3428495765,"25":3384.9563695703,"26":3381.5732741823,"27":3378.1935600297,"28":3374.8172237332,"29":3371.4442619167,"30":3368.0746712077,"31":3364.7084482368,"32":3361.3455896382,"33":3357.9860920494,"34":3354.6299521112,"35":3351.2771664678,"36":3347.9277317667,"37":3344.5816446589,"38":3341.2389017985,"39":3337.8994998433,"40":3334.5634354541,"41":3331.2307052952,"42":3327.9013060341,"43":3324.5752343419,"44":3321.2524868928,"45":3317.9330603643,"46":3314.6169514374,"47":3311.3041567963,"48":3307.9946731286,"49":3304.688497125,"50":3301.3856254797,"51":3467.1738754993,"52":3463.7086078069,"53":3460.246803477,"54":3456.7884590483,"55":3453.3335710627,"56":3449.8821360656,"57":3446.4341506059,"58":3442.9896112362,"59":3439.548514512,"60":3436.1108569927,"61":3432.676635241,"62":3429.245845823,"63":3425.8184853082,"64":3422.3945502696,"65":3418.9740372836,"66":3415.5569429301,"67":3412.1432637924,"68":3408.7329964569,"69":3405.3261375139,"70":3401.9226835569,"71":3398.5226311826,"72":3395.1259769914,"73":3391.7327175871,"74":3388.3428495765,"75":3384.9563695703,"76":3381.5732741823,"77":3378.1935600297,"78":3374.8172237332,"79":3371.4442619167,"80":3368.0746712077,"81":3364.7084482368,"82":3361.3455896382,"83":3357.9860920494,"84":3354.6299521112,"85":3351.2771664678,"86":3347.9277317667,"87":3344.5816446589,"88":3341.2389017985,"89":3337.8994998433,"90":3334.5634354541,"91":3331.2307052952,"92":3327.9013060341,"93":3324.5752343419,"94":3321.2524868928,"95":3317.9330603643,"96":3314.6169514374,"97":3311.3041567963,"98":3307.9946731286,"99":3304.688497125,"100":3301.3856254797},"LIQ_ETH":{"0":111.0334089327,"1":107.1398724947,"2":107.193453146,"3":104.4749151094,"4":104.5270506217,"5":89.206926816,"6":89.2239390001,"7":108.5535895641,"8":108.6078772153,"9":108.6127201133,"10":108.6684725344,"11":108.7265689513,"12":108.7804310705,"13":108.8315935315,"14":108.8086466787,"15":108.8641023587,"16":109.073097702,"17":102.9434434868,"18":102.893046942,"19":102.9951110214,"20":101.6088578893,"21":101.3576064961,"22":101.4033858312,"23":101.2769212499,"24":101.2237465146,"25":101.2722927643,"26":101.3793561566,"27":101.43015479,"28":101.4808800004,"29":101.2202327782,"30":101.2476907709,"31":101.3007099559,"32":101.351370442,"33":101.3995940714,"34":101.0615291276,"35":101.1075892199,"36":100.9212757808,"37":100.9717465118,"38":101.0222424832,"39":101.0727637077,"40":100.8503886904,"41":100.8955485486,"42":100.8114825869,"43":100.8601527125,"44":100.9105928759,"45":100.9656448848,"46":101.0161378049,"47":101.0641934799,"48":101.115352548,"49":100.5542980726,"50":100.3061419107,"51":107.1398724947,"52":107.193453146,"53":104.4749151094,"54":104.5270506217,"55":89.206926816,"56":89.2239390001,"57":108.5535895641,"58":108.6078772153,"59":108.6127201133,"60":108.6684725344,"61":108.7265689513,"62":108.7804310705,"63":108.8315935315,"64":108.8086466787,"65":108.8641023587,"66":109.073097702,"67":102.9434434868,"68":102.893046942,"69":102.9951110214,"70":101.6088578893,"71":101.3576064961,"72":101.4033858312,"73":101.2769212499,"74":101.2237465146,"75":101.2722927643,"76":101.3793561566,"77":101.43015479,"78":101.4808800004,"79":101.2202327782,"80":101.2476907709,"81":101.3007099559,"82":101.351370442,"83":101.3995940714,"84":101.0615291276,"85":101.1075892199,"86":100.9212757808,"87":100.9717465118,"88":101.0222424832,"89":101.0727637077,"90":100.8503886904,"91":100.8955485486,"92":100.8114825869,"93":100.8601527125,"94":100.9105928759,"95":100.9656448848,"96":101.0161378049,"97":101.0641934799,"98":101.115352548,"99":100.5542980726,"100":100.3061419107},"LIQ_USDC":{"0":27724.0445301034,"1":41282.9846744914,"2":41262.3493731491,"3":40175.6992723933,"4":40155.5742699052,"5":34235.876434742,"6":34208.1817991898,"7":41577.5137141174,"8":41556.7311924987,"9":41517.0484986533,"10":41496.8442549434,"11":41477.5331244949,"12":41456.6054382701,"13":41434.6503314473,"14":41384.510806574,"15":41364.2200982625,"16":41402.2095377657,"17":39036.4477094655,"18":38978.3413095338,"19":38978.0100631597,"20":38414.9569082349,"21":38281.6681463685,"22":38260.6806019672,"23":38174.7720846916,"24":38116.5949370484,"25":38096.7614980438,"26":38098.9206942575,"27":38079.9140460268,"28":38060.879795565,"29":37925.1805815411,"30":37897.553925567,"31":37879.50273772,"32":37860.568667028,"33":37840.725209468,"34":37676.8708878172,"35":37656.3692871755,"36":37549.4126557607,"37":37530.6435806014,"38":37511.8838871289,"39":37493.133570542,"40":37373.2530602961,"41":37352.6190203515,"42":37284.195917435,"43":37264.9144257213,"44":37246.2875570114,"45":37229.3612369855,"46":37210.7521394112,"47":37191.2461542084,"48":37172.882885201,"49":36929.6769841813,"50":36801.7206059139,"51":41282.9846744914,"52":41262.3493731491,"53":40175.6992723933,"54":40155.5742699052,"55":34235.876434742,"56":34208.1817991898,"57":41577.5137141174,"58":41556.7311924987,"59":41517.0484986533,"60":41496.8442549434,"61":41477.5331244949,"62":41456.6054382701,"63":41434.6503314473,"64":41384.510806574,"65":41364.2200982625,"66":41402.2095377657,"67":39036.4477094655,"68":38978.3413095338,"69":38978.0100631597,"70":38414.9569082349,"71":38281.6681463685,"72":38260.6806019672,"73":38174.7720846916,"74":38116.5949370484,"75":38096.7614980438,"76":38098.9206942575,"77":38079.9140460268,"78":38060.879795565,"79":37925.1805815411,"80":37897.553925567,"81":37879.50273772,"82":37860.568667028,"83":37840.725209468,"84":37676.8708878172,"85":37656.3692871755,"86":37549.4126557607,"87":37530.6435806014,"88":37511.8838871289,"89":37493.133570542,"90":37373.2530602961,"91":37352.6190203515,"92":37284.195917435,"93":37264.9144257213,"94":37246.2875570114,