{"ETH":{"0":0.0003184977,"1":0.0003184977,"2":0.0003188148,"3":0.0003191338,"4":0.0003194531,"5":0.0003197727,"6":0.0003200926,"7":0.0003188148,"8":0.0003191338,"9":0.0003194531,"10":0.0003197727},"USDC":{"0":3139.7398335267,"1":3139.7398335267,"2":3136.6169877616,"3":3133.4820952234,"4":3130.3503358542,"5":3127.2217065226,"6":3124.0962041002,"7":3136.6169877616,"8":3133.4820952234,"9":3130.3503358542,"10":3127.2217065226},"LIQ_ETH":{"0":7.6903091469,"1":7.6903091469,"2":7.3148729049,"3":7.3183245364,"4":7.3219848949,"5":7.3256466197,"6":7.3293101756,"7":7.3148729049,"8":7.3183245364,"9":7.3219848949,"10":7.3256466197},"LIQ_USDC":{"0":206131.2330029563,"1":206131.2330029563,"2":206454.3003477114,"3":206345.2807176349,"4":206242.152101684,"5":206139.0619546691,"6":206036.0233373545,"7":206454.3003477114,"8":206345.2807176349,"9":206242.152101684,"10":206139.0619546691},"TICK":{"0":195801,"1":195801,"2":195810,"3":195820,"4":195830,"5":195840,"6":195850,"7":195810,"8":195820,"9":195830,"10":195840}}